<?xml version="1.0" encoding="UTF-8"?>
<project-private xmlns="http://www.netbeans.org/ns/project-private/1">
    <editor-bookmarks xmlns="http://www.netbeans.org/ns/editor-bookmarks/2" lastBookmarkId="0"/>
    <open-files xmlns="http://www.netbeans.org/ns/projectui-open-files/2">
        <group>
            <file>file:/C:/Users/NZXT/Desktop/EDD-/EVA2_9_DOBLE/src/eva2_9_doble/Nodo.java</file>
            <file>file:/C:/Users/NZXT/Desktop/EDD-/EVA2_9_DOBLE/src/eva2_9_doble/Doble.java</file>
            <file>file:/C:/Users/NZXT/Desktop/EDD-/EVA2_9_DOBLE/src/eva2_9_doble/EVA2_9_DOBLE.java</file>
        </group>
    </open-files>
</project-private>
