<?xml version="1.0" encoding="UTF-8"?>
<project-private xmlns="http://www.netbeans.org/ns/project-private/1">
    <editor-bookmarks xmlns="http://www.netbeans.org/ns/editor-bookmarks/2" lastBookmarkId="0"/>
    <open-files xmlns="http://www.netbeans.org/ns/projectui-open-files/2">
        <group>
            <file>file:/C:/Users/NZXT/Desktop/EDD-/Eva2_8_ListaSimple/src/eva2_8_listasimple/Nodo.java</file>
            <file>file:/C:/Users/NZXT/Desktop/EDD-/Eva2_8_ListaSimple/src/eva2_8_listasimple/Lista.java</file>
            <file>file:/C:/Users/NZXT/Desktop/EDD-/Eva2_8_ListaSimple/src/eva2_8_listasimple/Eva2_8_ListaSimple.java</file>
        </group>
    </open-files>
</project-private>
